{
  "hash": "f735f385",
  "configHash": "65c2da12",
  "lockfileHash": "edfacaad",
  "browserHash": "1aeb01c2",
  "optimized": {
    "@angular/common": {
      "src": "../../../../../node_modules/@angular/common/fesm2022/common.mjs",
      "file": "@angular_common.js",
      "fileHash": "14644083",
      "needsInterop": false
    },
    "@angular/common/http": {
      "src": "../../../../../node_modules/@angular/common/fesm2022/http.mjs",
      "file": "@angular_common_http.js",
      "fileHash": "700301f6",
      "needsInterop": false
    },
    "@angular/core": {
      "src": "../../../../../node_modules/@angular/core/fesm2022/core.mjs",
      "file": "@angular_core.js",
      "fileHash": "42d1bc2f",
      "needsInterop": false
    },
    "@angular/forms": {
      "src": "../../../../../node_modules/@angular/forms/fesm2022/forms.mjs",
      "file": "@angular_forms.js",
      "fileHash": "f52003c1",
      "needsInterop": false
    },
    "@angular/platform-browser": {
      "src": "../../../../../node_modules/@angular/platform-browser/fesm2022/platform-browser.mjs",
      "file": "@angular_platform-browser.js",
      "fileHash": "198877f2",
      "needsInterop": false
    },
    "@angular/platform-browser/animations": {
      "src": "../../../../../node_modules/@angular/platform-browser/fesm2022/animations.mjs",
      "file": "@angular_platform-browser_animations.js",
      "fileHash": "10d16448",
      "needsInterop": false
    },
    "@angular/router": {
      "src": "../../../../../node_modules/@angular/router/fesm2022/router.mjs",
      "file": "@angular_router.js",
      "fileHash": "44fb1e07",
      "needsInterop": false
    },
    "primeng/api": {
      "src": "../../../../../node_modules/primeng/fesm2022/primeng-api.mjs",
      "file": "primeng_api.js",
      "fileHash": "a53521db",
      "needsInterop": false
    },
    "primeng/button": {
      "src": "../../../../../node_modules/primeng/fesm2022/primeng-button.mjs",
      "file": "primeng_button.js",
      "fileHash": "91a8ddb6",
      "needsInterop": false
    },
    "primeng/confirmdialog": {
      "src": "../../../../../node_modules/primeng/fesm2022/primeng-confirmdialog.mjs",
      "file": "primeng_confirmdialog.js",
      "fileHash": "3e39a29c",
      "needsInterop": false
    },
    "primeng/confirmpopup": {
      "src": "../../../../../node_modules/primeng/fesm2022/primeng-confirmpopup.mjs",
      "file": "primeng_confirmpopup.js",
      "fileHash": "332c2b42",
      "needsInterop": false
    },
    "primeng/dialog": {
      "src": "../../../../../node_modules/primeng/fesm2022/primeng-dialog.mjs",
      "file": "primeng_dialog.js",
      "fileHash": "06ef62c6",
      "needsInterop": false
    },
    "primeng/dropdown": {
      "src": "../../../../../node_modules/primeng/fesm2022/primeng-dropdown.mjs",
      "file": "primeng_dropdown.js",
      "fileHash": "6a7127f9",
      "needsInterop": false
    },
    "primeng/floatlabel": {
      "src": "../../../../../node_modules/primeng/fesm2022/primeng-floatlabel.mjs",
      "file": "primeng_floatlabel.js",
      "fileHash": "8773eb4a",
      "needsInterop": false
    },
    "primeng/inputtext": {
      "src": "../../../../../node_modules/primeng/fesm2022/primeng-inputtext.mjs",
      "file": "primeng_inputtext.js",
      "fileHash": "d998e05c",
      "needsInterop": false
    },
    "primeng/table": {
      "src": "../../../../../node_modules/primeng/fesm2022/primeng-table.mjs",
      "file": "primeng_table.js",
      "fileHash": "0354ceeb",
      "needsInterop": false
    },
    "primeng/toast": {
      "src": "../../../../../node_modules/primeng/fesm2022/primeng-toast.mjs",
      "file": "primeng_toast.js",
      "fileHash": "988ac439",
      "needsInterop": false
    }
  },
  "chunks": {
    "chunk-TBENF3ZI": {
      "file": "chunk-TBENF3ZI.js"
    },
    "chunk-XEECZAVD": {
      "file": "chunk-XEECZAVD.js"
    },
    "chunk-2CQSZQQU": {
      "file": "chunk-2CQSZQQU.js"
    },
    "chunk-3HGBIGAR": {
      "file": "chunk-3HGBIGAR.js"
    },
    "chunk-MCPUOAHI": {
      "file": "chunk-MCPUOAHI.js"
    },
    "chunk-YU6HAVB2": {
      "file": "chunk-YU6HAVB2.js"
    },
    "chunk-XIJYFYWR": {
      "file": "chunk-XIJYFYWR.js"
    },
    "chunk-BAI5MFUP": {
      "file": "chunk-BAI5MFUP.js"
    },
    "chunk-UH7J3OLR": {
      "file": "chunk-UH7J3OLR.js"
    },
    "chunk-POV67TL6": {
      "file": "chunk-POV67TL6.js"
    },
    "chunk-ZNX7GV3U": {
      "file": "chunk-ZNX7GV3U.js"
    },
    "chunk-QERWVE2H": {
      "file": "chunk-QERWVE2H.js"
    },
    "chunk-F7MWMJGV": {
      "file": "chunk-F7MWMJGV.js"
    },
    "chunk-HPT665I3": {
      "file": "chunk-HPT665I3.js"
    },
    "chunk-5E7ZADVT": {
      "file": "chunk-5E7ZADVT.js"
    }
  }
}