{
  "hash": "e3f375a9",
  "configHash": "86a56be1",
  "lockfileHash": "8e8d5cd6",
  "browserHash": "2287f9f2",
  "optimized": {
    "@angular/core": {
      "src": "../../../../../node_modules/@angular/core/fesm2022/core.mjs",
      "file": "@angular_core.js",
      "fileHash": "03bad6c8",
      "needsInterop": false
    },
    "@angular/platform-browser": {
      "src": "../../../../../node_modules/@angular/platform-browser/fesm2022/platform-browser.mjs",
      "file": "@angular_platform-browser.js",
      "fileHash": "663d4da4",
      "needsInterop": false
    },
    "@angular/router": {
      "src": "../../../../../node_modules/@angular/router/fesm2022/router.mjs",
      "file": "@angular_router.js",
      "fileHash": "48601235",
      "needsInterop": false
    }
  },
  "chunks": {
    "chunk-6HSZR34L": {
      "file": "chunk-6HSZR34L.js"
    },
    "chunk-AJQZB35D": {
      "file": "chunk-AJQZB35D.js"
    }
  }
}